카테고리,product,price,rate
라면,[농심] 신라면 120gx5입,3670,4.95
라면,[농심] 올리브 짜파게티 (140gx5입),4270,4.95
라면,[농심] 육개장 사발면 (86gx6입),4490,4.95
라면,오뚜기 진라면 매운맛 120g*5입,3090,4.96
라면,농심 얼큰한 너구리 (120gx5입),3670,4.95
라면,[농심] 안성탕면 5입 625g (125g5입),3280,4.94
라면,오뚜기 진라면 순한맛 120g(5입),3090,4.95
라면,[오뚜기] 스낵면 540g (108g*5입),2480,4.93
라면,[오뚜기] 열라면 5입 (120g*5입),3150,4.95
라면,[팔도 Paldo] 왕뚜껑 110g,950,4.94
라면,[농심] 신라면 컵 6입 390g (65g6입),3980,4.95
라면,[팔도 Paldo] 비빔면 5입,4200,4.94
라면,오뚜기 오동통면 얼큰한맛 120gX4개,2480,4.94
라면,[농심] 멸치 칼국수(98g5입) 490g,3680,4.91
라면,No Brand [노브랜드] 짜장라면 5개입,2280,4.85
라면,삼양 까르보불닭볶음면 105g,1072,4.94
라면,[농심] 튀김 우동 컵 (62g6입),3980,4.94
라면,[농심] 김치 사발면 (86gx6),4500,4.94
라면,농심 신라면 볶음면 131g*4입,3370,4.73
라면,농심 사리면 110g*5입,1380,4.91
라면,[오뚜기] 컵누들(매콤한맛) 37g,1070,4.93
라면,[농심] 튀김우동 큰사발 111g,1030,4.94
라면,No Brand [노브랜드] 라면 한 그릇 115gx5봉입,1980,4.84
라면,[농심] 짜파게티 범벅 (70g6입),4500,4.95
라면,[팔도] 김치 왕뚜껑 110g,950,4.93
라면,[농심] 순한 너구리120gx5입,3670,4.94
라면,팔도 틈새라면 빨계떡120g*5입,4400,4.93
라면,농심 앵그리짜파구리 4입,4270,5.0
라면,농심 생생우동봉지 4입,6980,4.94
라면,[농심] 새우탕 컵면 (67g6입),3980,4.94
라면,삼양 불닭볶음면 105g,1240,4.94
라면,[팔도] 팔도 도시락 86g,780,4.92
라면,[농심] 사리곰탕면 (110gx5입),4280,4.92
라면,오뚜기 참깨라면 용기 110g,1050,4.94
라면,오뚜기 참깨라면 115gX4,4080,4.94
라면,농심 배홍동비빔면 4입,3480,4.89
라면,No Brand 노브랜드 쌀국수 얼큰한맛 92g,980,4.81
라면,풀무원 자연은맛있다 라면 백면 4입,3380,4.79
라면,No Brand 노브랜드 쌀국수 멸치맛 92g,980,4.8
라면,No Brand [노브랜드] 육개장컵라면 79g,500,4.88
라면,오뚜기 진진짜라135g*4,5480,4.88
라면,농심 무파마탕면 4입,4070,4.9
라면,[농심] 오징어 짬뽕 컵 67g,790,4.94
라면,[오뚜기] 컵누들 매콤한맛 소컵 37.8g*6,6480,4.96
라면,[삼양] 불닭 볶음면 (140gx5입),4680,4.94
라면,삼양라면 매운맛 120gx5입,2480,4.87
라면,[팔도] 짬뽕 왕뚜껑 110g,950,4.91
라면,오뚜기 컵누들 베트남쌀국수 47g,1350,4.85
라면,삼양 큰컵 4가지치즈불닭볶음면 110g,1120,4.87
라면,PEACOCK 피코크 초마짬뽕라면 500g,4880,4.82
라면,[오뚜기] 스낵면 컵 62g,750,4.94
라면,쇠고기미역국라면 115gX4입,5480,4.89
라면,[농심] 짜파게티 큰사발면 123g,1030,4.92
라면,[삼양] 맛있는 라면 (115g*5입),4480,4.93
라면,[농심] 튀김 우동 컵 62g,790,4.94
라면,오뚜기 짜장면 135gX4개입,3380,4.91
라면,컵누들 잔치쌀국수 컵 34.2g,1080,4.88
라면,농심 짜왕 (134g*4입),5300,4.94
라면,[삼양] 불닭볶음면 (70g*6회) 420g,5520,4.95
라면,농심 짜왕 건면119g*4,5700,4.9
라면,[농심]신라면 블랙 536g(4입),5480,4.89
라면,팔도일품삼선짜장120g*4입,2280,4.8
라면,[농심] 육개장 큰사발면 110g,1030,4.92
라면,[팔도 Paldo] 왕뚜껑 소컵(65g*6입) 390g,4350,4.91
라면,오뚜기 진짜장 135gX4입,5480,4.9
라면,No Brand 노브랜드마라탕면189.7g,1950,4.63
라면,농심 생생우동용기276g*4입,7680,4.94
라면,삼양 크림까르보불닭볶음면 120g,1120,4.9
라면,[삼양] 짜짜로니 140gx4개입,3100,4.88
라면,[농심] 새우탕 컵면 67g,790,4.93
라면,[오뚜기] 컵누들 우동맛 소컵 (38.1g*6입),6480,4.95
라면,No Brand 노브랜드 라면한그릇(얼큰한맛) 5입,2680,4.87
라면,농심 신라면건면사발,1240,4.85
라면,오뚜기 김치라면 4입 480g,2350,4.9
과자,노티드(knotted)x쁘띠몽쉘마롱몽블랑204g,3360,4.84
과자,[농심] 새우깡90g,1020,4.95
과자,오리온 초코송이 36g*2번들,980,4.96
과자,"몽쉘 크림케이크384g ★10/14~10/27까지 4,780원→3,980원 할인★",3980,4.94
과자,"[오리온] 오징어 땅콩(오리지널) 202g ★10/14~10/27까지 2,380원→1,680원 할인★",1680,4.93
과자,크라운 신짱 씨앗호떡맛 200g,1980,4.81
과자,No Brand 노브랜드 감자칩 오리지날 110g,890,4.9
과자,"크라운 콘칩 군옥수수맛 148G ★10/14~10/27까지 2,380원→1,680원 할인★",1680,4.95
과자,"[크라운] 참크래커 280g ★10/14~10/27까지 3,360원→1,980원 할인★",1980,4.94
과자,"오리온 썬 핫 스파이시 맛 135g ★10/14~10/27까지 1,980원→1,680원 할인★",1680,4.95
과자,[해태] 아이비 270g,3580,4.93
과자,[해태] 홈런볼초코 5번들 230g,5980,4.96
과자,"[롯데] 칸쵸 196g ★10/14~10/27까지 2,880원→1,780원 할인★",1780,4.95
과자,"해태 에이스스페셜모카블렌드364g ★10/14~10/27까지 3,980원→3,180원 할인★",3180,4.91
과자,[오리온] 포카칩 오리지널 66g,1170,4.94
과자,No Brand 노브랜드 고르곤졸라치즈 소프트콘 145g,1280,4.87
과자,롯데 아몬드빼빼로132G,3840,4.95
과자,No Brand 노브랜드 자색고구마칩 110g,980,4.87
과자,하리보 할로윈스캐리펀980g,11970,4.92
과자,[롯데] 빈츠 204g,3360,4.96
과자,오리온 꼬북칩 콘스프 160g,1950,4.91
과자,크라운 쿠크다스케이크 154g,2680,4.93
과자,[크라운] 버터와플 316g,2980,4.95
과자,PEACOCK 피코크 나쵸칩 오리지널 100g,1980,4.92
과자,[오리온] 후레쉬 베리 12입 336g,5120,4.95
과자,오레오 화이트크림 샌드위치 쿠키100g,980,4.95
과자,"몽쉘 카카오케이크 384g ★10/14~10/27까지 4,780원→3,980원 할인★",3980,4.93
과자,"농심 바나나킥 140g ★10/14~10/27까지 2,150원→1,680원 할인★",1680,4.95
과자,PEACOCK (G)[피코크] 초코칩쿠키 브라우니 150g,2480,4.87
과자,농심 양파링 84g,1200,4.94
과자,No Brand 노브랜드 감자칩 사워크림&어니언 110g,980,4.9
과자,오리온 꼬북칩 초코츄러스맛 160g,1950,4.89
과자,[농심] 포스틱 84g,1200,4.95
과자,[JAJU/자주]신세계인터내셔날 점보 달고나,3500,4.9
과자,해태 에이스 364g,3980,4.97
과자,[농심] 매운새우깡 90g,990,4.95
과자,청우 플랑 딸기 160g,3980,4.88
과자,해태 허니버터칩4번들 152g,2980,4.94
과자,해태 구운감자 162g(6입),4320,4.95
과자,PEACOCK (G)[피코크] 초코밀크 타르트 비스킷225g,2086,4.87
과자,[오리온] 초코파이 정 새로운시작 12팩 468g (39g*12팩),3830,4.95
과자,"[롯데] 더욱 달콤하고 바삭해진 엄마손파이254g ★10/14~10/27까지 4,780원→3,360원 할인★",3360,4.93
과자,No Brand 노브랜드 카스타드,3180,4.92
과자,[농심] 감자깡 75g,1200,4.95
과자,[오리온]  고래밥 볶음 양념 160G,1980,4.95
과자,롯데 쁘띠몽쉘제로카카오174g,3360,4.73
과자,롯데 꼬깔콘고소한맛144G,1680,4.94
과자,"해태 홈런볼그릭요거트4번들184g ★10/14~10/27까지 5,440원→4,580원 할인★",4580,5.0
과자,해태 오예스미니192g,2870,4.95
과자,하리보 할로윈스캐리펀250g,3980,4.91
과자,오리온 감자패밀리팩 180g,3980,4.95
과자,롯데 치토스 매콤달콤한맛 82g,1000,4.93
과자,롯데 마가렛트구운모카352g,4780,4.72
과자,No Brand 노브랜드 버터쿠키 400g,2980,4.88
과자,농심 오징어집 83g,1200,4.95
과자,오리온 꼬북칩 초코츄러스맛 160g,1950,4.91
과자,"[오리온] 초코파이 정 새로운시작 18팩 702g (39g*18팩) ★10/14~10/27까지 5,760원→4,880원 할인★",4880,4.95
과자,PEACOCK [피코크] 스윗 & 솔트 팝콘 스낵 140g,1980,4.92
과자,"오리온 고소미 216g ★10/14~10/27까지 2,880원→2,180원 할인★",2180,4.95
과자,[농심] 알새우칩 68g,1180,4.94
과자,No Brand 노브랜드 초코 웨이퍼롤 115g,980,4.91
과자,오리온 더 탱글 마이구미 372g,4480,4.94
과자,크라운 마이쮸 포도사과 284g,2980,5.0
과자,[농심] 자갈치90g,1200,4.94
과자,[농심] 새우깡 400g,3850,4.93
과자,No Brand 노브랜드 바삭한 갈릭새우칩 140g,1680,4.9
과자,[크라운] 치즈샌드 240g,3980,4.93
과자,PEACOCK 피코크 무설탕 레몬 캔디 40g,1264,4.87
과자,PEACOCK (G)피코크 초코칩쿠키 클래식 150g,2480,4.89
커피,칸타타 프리미엄라떼 390ml,1980,4.91
커피,(쓱배송)  [맥심] 모카골드 마일드 커피믹스 250입,25200,4.95
커피,맥심 (쓱배송)  [맥심] 화이트골드 커피믹스 250입,25200,4.96
커피,동서식품(주) [맥심] 모카골드 마일드 커피믹스 180입 (12g*180입) (+20입 or 사은품 랜덤 증정),24650,4.91
커피,(쓱배송)  [맥심] 카누 마일드 로스트 아메리카노 미니 150입,25800,4.97
커피,[매일] 바리스타룰스 로-슈거 에스프레소 라떼 250ml,1750,4.95
커피,[매일] 바리스타룰스 에스프레소 라떼 250ml,1750,4.94
커피,동서식품(주) [맥심]카누 미니 다크 로스트 아메리카노 100입,19000,4.94
커피,[매일] 마이 카페라떼 220ml*6입 기획 (기획랜덤구성),5980,4.94
커피,동서식품(주) [맥심] 모카골드 마일드 500g,18350,4.92
커피,[서울우유] 스페셜티 카페라떼 마일드 250ml,1000,4.93
커피,동서식품(주) [맥심] 화이트골드 커피믹스 180입 (11.7g*180개) (+20입 or 사은품 랜덤 증정),25400,4.92
커피,칸타타 스위트 아메리카노 390ml,1980,4.92
커피,맥심 카누  마일드 미니 27g (0.9g*30입),5980,4.95
커피,No Brand 노브랜드 콜롬비아 아메리카노 블랙 2.1L,2980,4.93
커피,동서식품(주) [맥심]카누  디카페인 아메리카노 미니 100입,20900,4.95
커피,[매일] 바리스타룰스 모카프레소 250ml,1750,4.93
커피,동서식품(주) 카누 돌체라떼 415.2g(24입),8700,4.91
커피,[맥심] 모카골드 마일드 커피믹스 (12g*100입),13900,4.93
커피,PEACOCK [피코크] 에티오피아 예르가체프 지투 1kg(홀빈),16980,4.8
커피,맥심 슈프림골드 커피믹스 20입,3980,4.79
커피,동서식품(주) [맥심] 모카골드 마일드 커피믹스 (12g*20입),3170,4.93
커피,No Brand 노브랜드 콜드브루 아메리카노 500m,1880,4.79
커피,동서식품(주) (쓱배송)  [맥심]카누 다크 아메리카노 미니 150입,25800,4.96
커피,[서울우유] 스페셜티 카페라떼 모카 250ml,1000,4.92
커피,동서식품(주) [맥심] 화이트골드 커피믹스 (11.7g*20) 234g,3260,4.93
커피,[스타벅스]  카페라떼 270ml,2450,4.94
커피,맥심  화이트골드 커피믹스 (11.7g*50) 585g,7750,4.94
커피,맥심 슈프림골드 커피믹스 150입+20입,27800,4.9
커피,레쓰비마일드175ml*12입,3980,4.93
커피,칸타타 콘트라베이스 블랙 500ml,1280,4.91
커피,[서울우유] 스페셜티 카페라떼 아포가토 250ml,1000,4.89
커피,일리 클래식로스트 디카페인 미니 1g*30개,8980,4.9
커피,[한국야쿠르트] 콜드브루 액상스틱 72ml(12ml*6개입),3000,4.9
커피,네스카페 돌체구스토 캡슐 룽고 30입,15900,4.97
커피,[스타벅스] 카페 라떼 200ml,1900,4.94
커피,[매일] 바리스타룰스 마다가스카르 바닐라빈라떼 325ml,2250,4.89
커피,[맥심] TOP 볼드 에스프레소 라떼 300ml,1980,4.9
커피,네스카페 돌체구스토 캡슐 아메리카노 30입,15900,4.97
커피,[매일]바리스타룰스 블랙 만델링 1L,4900,4.89
커피,일리 클래식로스트 미니 1g*30개,8980,4.9
커피,스타벅스 이탈리안스타일 로스트 by 네스프레소 캡슐,7700,4.9
커피,PEACOCK 피코크 브라질 세라도 엔와이투 500g (분쇄),9880,4.88
커피,스타벅스 싱글 오리진 콜롬비아 by 네스프레소 캡슐 57g (5.7g x 10개입),7700,4.92
커피,"동서식품(주) [맥심] 화이트골드 커피믹스(11.7g*100) 1,170g",14800,4.94
커피,[매일]바리스타룰스 카라멜 딥 프레소 250ml,1750,4.92
커피,[스타벅스]  돌체구스토 하우스 블렌드,7900,4.94
커피,동서식품(주) 카누 민트초코 라떼 415.2g(24입),8700,4.88
커피,No Brand [노브랜드] 카라멜 마끼아또 300ml,1280,4.88
커피,스타벅스 블론드 에스프레소 by 네스프레소 캡슐 53g (5.3g x 10개입),7700,4.92
커피,[스타벅스]  하우스 블렌드 분쇄 원두 200g,10900,4.88
커피,PEACOCK 피코크 콜롬비아 안티오키아 수프리모 핸드드립백 10g x 10개(원두커피),7680,4.9
커피,[맥심] 디카페인 커피믹스 20입 240g (12g20입),3980,4.9
커피,[매일] 바리스타룰스 블랙 코스타리카 1L,4900,4.88
커피,동서식품(주) [맥심] 모카골드 라이트 180입 (11.8g*180입) (+20입 or 사은품 랜덤 증정),25400,4.88
커피,맥심카누 마일드로스트 아메리카노 60입,15480,4.95
커피,피코크소싱 [피코크] 에티오피아 예르가체프지투 200g 분쇄,4580,4.78
커피,"동서식품(주) [맥심]모카골드 마일드 커피믹스 1,000입(250입X4개)",96480,4.96
커피,[스타벅스]  네스프레소 싱글오리진 콜롬비아,7700,4.94
커피,스타벅스 [SSG Fresh][국내배송]스타벅스 네스프레소 캡슐 커피 모음,6111,4.94
커피,[서울우유] 스페셜티 카페라떼 다크 250ml,1000,4.91
커피,[스타벅스]  네스프레소 디카프 에스프레소 로스트,7700,4.92
커피,[루카스나인] 더블샷라떼 30입,9980,4.91
커피,동서식품(주) 카누 티라미수라떼 24입,10230,4.87
커피,[맥심] 카누 더블샷 라떼 10입 3+1 기획제품,11780,4.9
커피,[스타벅스]  돌체구스토 베란다 블렌드,7900,4.94
커피,스타벅스 하우스 블렌드 by 네스프레소 캡슐 57g (5.7g x 10개입),7700,4.92
커피,[스타벅스]  네스프레소 에스프레소 로스트,7700,4.92
커피,[스타벅스]  네스프레소 카페 베로나,7700,4.93
제철과일,샤인머스캣 1.5kg/박스 (2~3송이),19500,4.54
제철과일,[필리핀산] Dole 스위티오 바나나 1.3kg내외,4980,4.84
제철과일,시나노스위트 4~8입/봉 (1.3kg내외),4980,4.74
제철과일,홍시 4~6입/팩 (750g내외),4280,4.7
제철과일,GAP 영암무화과 16~20입 (1.2kg내외),10900,4.45
제철과일,[콜롬비아산] 썬팜 골드 바나나 1송이 (1.1kg내외),2980,4.81
제철과일,E-MART FRESH 사과대추 500g/팩,5520,4.7
제철과일,샤인머스캣 500g/팩,7980,4.63
제철과일,[뉴질랜드산] 제스프리 썬골드키위 7~14입/팩 (1.1kg내외),12800,4.86
제철과일,강원 맑은청 방울토마토 750g/팩,5900,4.82
제철과일,단감 4~8입/봉 (1kg내외),5280,4.59
제철과일,대추방울토마토 750g/팩,6900,4.83
제철과일,더달콤 스테비아 토마토 550g/팩,8900,4.76
제철과일,양광사과 1개 (특대/320g내외),1390,4.44
제철과일,달달 과즙 황금향 1.2kg/봉,9980,4.65
제철과일,E-MART FRESH 시나노골드 청송사과 4~6입/봉 (1.3kg내외),6980,4.77
제철과일,저탄소인증 햇사과 1kg이상/봉,4980,4.71
제철과일,[국산의 힘] 무지개 방울토마토 900g/팩,8900,4.81
제철과일,[필리핀산] 신세계푸드 스카이 고산지 바나나 1kg내외,3980,4.58
제철과일,샤인머스캣 1.5kg/박스 (2~3송이),19500,4.5
제철과일,머스크 메론 1통 (1.6kg이상),9980,4.64
제철과일,[뉴질랜드산] 제스프리 그린키위/팩 (1kg내외),7980,4.84
제철과일,[미국산] 냉동 블루베리 1.5kg/봉,10800,4.89
제철과일,양광사과 4~8입/봉 (1.3kg내외),5980,4.74
제철과일,[미국산] 블랙사파이어 900g/팩,7980,4.6
제철과일,친환경 방울토마토 600g/팩,4580,4.78
제철과일,[남아공산] 잭슨자몽 5~6입/봉 (1.4kg내외),4980,4.65
제철과일,[필리핀산] 델몬트 컷파인애플 540g,6980,4.83
제철과일,[필리핀산] Dole 바나나 1.3kg내외,3980,4.83
제철과일,[미국산] 혼합포도 1.36kg/팩,12980,4.61
제철과일,완숙토마토 6~8입/팩 (1.2kg),8900,4.82
제철과일,[미국산] 청포도 900g/팩,10980,4.76
제철과일,[국산의 힘] 감홍사과 4입/팩 (1.3kg내외),11900,4.69
제철과일,[태국산] 망고 2입/팩 (700g내외),8980,4.69
제철과일,토마주르토마토 750g/팩,7900,4.83
제철과일,[칠레산] 레몬 9~15입/봉 (1.4kg 내외),8980,4.75
아이스크림,하겐다즈 그린티 아몬드 멀티바 240ml(80ml*3개),12500,4.83
아이스크림,상하목장 얼려먹는 아이스크림 밀크 510ml,5980,4.82
아이스크림,상하목장 얼려먹는 아이스주스 망고 510ml,5980,4.91
아이스크림,[롯데] 월드콘 멀티(160ml*5입),6000,4.89
아이스크림,No Brand 노브랜드초코칩아이스크림660ml,4180,4.89
아이스크림,[빙그레] 더 엑설런트 오리지널 800ml,5980,4.89
아이스크림,빙그레  투게더  아이스크림 900ml,5490,4.92
아이스크림,[롯데] 셀렉션  아이스크림 500ml,4000,4.88
아이스크림,[빙그레] 슈퍼콘 바닐라쿠앤크 혼합 150ml*6,3500,4.85
아이스크림,빙그레  그라시아 쿠앤크 710ml,3500,4.88
아이스크림,구구 크러스터660ml,4000,4.91
아이스크림,[롯데푸드] 구구 오리지널 460ml (92ml*5입),4000,4.9
아이스크림,[나뚜루] 녹차 아이스크림 파인트 474ml,11600,4.88
아이스크림,빙그레  떡붕어싸만코 150ml*5,6000,4.91
아이스크림,No Brand 노브랜드향긋한바닐라향아이스5L,12980,4.91
아이스크림,[빙그레] 슈퍼콘 초코 750ml(150ml*5개),3500,4.86
아이스크림,[롯데] 티코 밀크 초코 510ml,5000,4.91
아이스크림,[빙그레] 비비빅 70ml*8,3430,4.9
아이스크림,[빙그레] 메로나 75ml*8,3430,4.9
아이스크림,롯데  티코 다크 초코 510ml,5000,4.91
아이스크림,[롯데푸드] 구구콘 아이스크림 5개입 800ml (160ml*5입),4000,4.87
아이스크림,셀렉션 싱글초코,4000,4.83
아이스크림,PEACOCK 피코크 욜로우 민트초코칩 474ml,5980,4.58
아이스크림,[롯데] 조안나 바닐라 850ml,4000,4.9
아이스크림,롯데 일품 팥빙수,1500,4.88
아이스크림,빙그레  빵또아 180ml*5,6000,4.88
아이스크림,[롯데] 스크류바 75mlx6개,3600,4.93
아이스크림,나뚜루  초코 아이스크림 파인트 474ml,11600,4.88
아이스크림,하겐다즈 초코렛 아이스크림 946ml(쿼터),22400,4.91
아이스크림,하겐다즈 마카다미아넛 473ml 파인트,12500,4.87
아이스크림,[롯데] 위즐 커피 초코 퍼지 아이스크림 660ml,4000,4.83
아이스크림,나뚜루  스트로베리 아이스크림 파인트 474ml,11600,4.88
아이스크림,No Brand 노브랜드 리얼콘바닐라160ml*5,3580,4.77
아이스크림,하겐다즈 바닐라 아이스크림 946ml(쿼터),22400,4.9
아이스크림,해태아이스크림 해태 누가바 63ml*6,3600,4.91
아이스크림,[롯데] 찰옥수수 700ml(140ml*5개입),6000,4.9
아이스크림,[롯데]죠스바 6입,3600,4.93
아이스크림,[하겐다즈]그린티 473ml 파인트,12500,4.88
아이스크림,PEACOCK 피코크 욜로우 바닐라 474ml,5980,4.55
아이스크림,하겐다즈 초콜릿 473ml 파인트,12500,4.87
아이스크림,나뚜루 피페리타 민트초코 파인트,11600,4.49
아이스크림,No Brand 노브랜드상큼한딸기아이스5L,12980,4.86
아이스크림,[롯데제과] 칙촉에 빠진 위즐 660ml,4000,4.81
아이스크림,해태 쌍쌍바 67ml*6,3600,4.85
아이스크림,[롯데] 설레임 밀크 쉐이크(160ml*5) 800ml,6000,4.91
아이스크림,[끌레도르]초코프레첼&브라우니 파인트 474ml,5800,4.7
아이스크림,No Brand 노브랜드구슬아이스크림200g,6580,5.0
아이스크림,No Brand [빙그레] 밀크바,3180,4.82
아이스크림,하겐다즈 딸기 아이스크림 946ml(쿼터),22400,4.91
아이스크림,롯데  위즐 바닐라 피칸 아이스크림 660ml,4000,4.82
아이스크림,하겐다즈 바닐라 473ml 파인트,12500,4.87
아이스크림,[롯데]옥동자 70ml*6,3600,4.88
아이스크림,No Brand [빙그레] 바나나바,3180,4.82
아이스크림,하겐다즈 딸기 473ml 파인트,12500,4.88
아이스크림,[롯데제과] 라이스크림,3500,4.77
아이스크림,와일드바디바멀티 70ml*6,3600,4.9
아이스크림,하겐다즈 피넛버터 크런치 473ml 파인트,12500,4.83
아이스크림,[해태] 부라보콘 화이트바닐라 140ml*5ea,6000,4.84
아이스크림,PEACOCK 피코크 유기농 딸기아이스크림 474ml,7980,3.71
아이스크림,[빙그레] 끌레도르 클린라벨 초코파인트 474ml,4900,4.67
돼지고기,"No Brand [노브랜드][냉동] 삼겹살 바로구이 (1,000g)",12900,4.88
돼지고기,국내산 삼겹살 구이용 (100g),2780,4.85
돼지고기,국내산 칼집 삼겹살 (100g),2980,4.84
돼지고기,국내산 돈목심 구이용 (100g),2780,4.9
돼지고기,국내산 삼겹살 수육용 (100g),2780,4.81
돼지고기,"No Brand [노브랜드][냉동] 돼지 목심 바로구이 (1,000g)",10900,4.87
돼지고기,국내산 돈등심 카레용 (100g) (팩),1680,4.92
돼지고기,[국산의힘][냉동] 얼룩도야지 두툼 삼겹살 (350g),8780,4.85
돼지고기,국내산 돈뒷다리 다짐육 (100g) (팩),880,4.92
돼지고기,"[냉동][스페인산] 뼈없는 대패 삼겹살 (1,000g)",12980,4.9
돼지고기,국내산 삼겹살 찌개용 (100g),2780,4.85
돼지고기,국내산 돈갈비찜용 (100g),1480,4.83
돼지고기,국내산 Slim 삼겹살 구이용 (100g),2880,4.81
돼지고기,국내산 돈등심 잡채용 (100g) (팩),1680,4.9
돼지고기,국내산 돈앞다리 불고기용 (100g) (팩),1480,4.87
돼지고기,[더느림] 돈앞다리 (100g),1980,4.83
돼지고기,국내산 두툼 삼겹살 구이용 (100g),2780,4.86
돼지고기,국내산 돈뒷다리 불고기용 (100g) (팩),880,4.88
돼지고기,국내산 두툼 칼집 목심 (100g),2980,5.0
돼지고기,국내산 돈앞다리 수육용 (100g) (팩),1480,4.86
돼지고기,[냉동][미국산] 소스와 볶아먹는 매콤달콤 제육볶음 (600g),8080,4.86
돼지고기,[국산의힘][냉동] 얼룩도야지 목심 (350g),8780,4.86
돼지고기,[맥돈] 돈앞다리 (100g),1980,4.85
돼지고기,No Brand [노브랜드][냉동] 감자탕용 등뼈 (1.5kg),4980,4.86
돼지고기,[국산의힘][냉동] 얼룩도야지 돈마호크 (350g),6980,5.0
돼지고기,[더느림] 돈등갈비 (100g),4080,4.87
돼지고기,[냉동] 국내산 삼겹살 (800g),17480,4.71
돼지고기,국내산 돈등심 돈까스용 (100g) (팩),1680,4.89
닭고기,"No Brand [노브랜드][냉동] 닭가슴살 (1,000g)",5900,4.93
닭고기,[하림] 무항생제 닭다리살 (정육) (400g),6384,4.93
닭고기,"No Brand [노브랜드][냉동] 닭안심 (1,000g)",5900,4.92
닭고기,"[하림] 무항생제 닭 (볶음탕용) (1,000g)",6980,4.92
닭고기,[하림] 무항생제 두마리 영계 1kg (500g*2),8980,4.89
닭고기,[하림] 무항생제 닭안심 (400g),4784,4.94
닭고기,[하림] 무항생제 닭가슴살 (400g),4784,4.92
닭고기,CJ 더건강한 닭가슴살 직화 통살구이 100g,2980,4.93
닭고기,대림 사조안심 닭가슴살 블랙페퍼 100g,1980,4.92
닭고기,CJ 더건강한 닭가슴살 직화 스테이크 100g,2980,4.87
닭고기,"[하림] 토종닭 (백숙용) (1,050g)",10980,4.89
닭고기,[대림]사조안심 닭가슴살 훈제 100g,1980,4.89
닭고기,"[마니커][냉동] 무항생제 닭가슴살 (1,000g)",6980,4.9
닭고기,하림 닭가슴훈제100g,2080,4.85
닭고기,[마니커] 무항생제 닭다리 (북채) (600g),7184,4.9
닭고기,[마니커][냉동] 초간단 닭발 (250g),4880,4.89
닭고기,[마니커][냉동] 무항생제 닭봉 (800g),8980,4.88
닭고기,[마니커] 무항생제 닭윗날개 (봉) (600g),7584,4.87
닭고기,[마니커] 무항생제 닭 (볶음탕용) (800g),6280,4.9
닭고기,"[체리부로] 무항생제 닭 (백숙용) (1,000g)",6880,3.0
닭고기,교촌1991 [BEST Fresh][교촌] 치킨 맛집 교촌의 닭가슴살 골라담기★사은품 증정,990,4.94
닭고기,삼립 닭가슴살 슬라이스 블랙페퍼 400g,6980,4.8
닭고기,"[마니커][냉동] 무항생제 닭안심 (1,000g)",6980,4.91
닭고기,[마니커] 무항생제 닭아랫날개 (윙) (600g),7584,4.96
닭고기,[마니커][냉동] 무항생제 닭윙 (800g),8980,4.88
닭고기,오다닭 스팀 닭가슴살 3kg 골라담기 (100g 30팩),28405,4.75
닭고기,[하림] 프리미엄하얀속살햄100g3,5800,4.89
닭고기,PEACOCK [피코크] 매운 바베큐 닭다리 165g,2980,4.88
닭고기,"[우리땅] 토종닭 (볶음탕용) (1,000g)",9980,4.77
닭고기,하림 [냉동] ★신제품★ 하림e닭 촉촉함이 살아있는 닭가슴살 원물/소시지/스테이크/큐브 18종 골라담기,1690,4.76
닭고기,교촌1991 [BEST Fresh][교촌] 닭가슴살/소시지/볶음밥 균일가★사은품 증정,5900,4.9
닭고기,테미즈 [BEST Fresh][두메산골]당일손질 냉장 닭다리살(정육)1kg+1kg(2kg),20900,4.81
닭고기,[마니커] 무항생제 닭 (백숙용) (800g),7980,4.92
닭고기,에그파파 [BEST Fresh]에그파파 100% 국내산 신선 냉장 닭가슴살 1kg,4900,4.86
닭고기,맛있닭 닭가슴살 이번엔 꼭뺀닭 세트 (총10팩),17900,4.84
닭고기,[마니커][냉동] 초간단 근위 (330g),4680,4.87
우유,PEACOCK 피코크 에이 클래스 우유 900ml (1A등급)(매일유업),1984,4.92
우유,[서울우유] 서울우유 1000ml 나100%,2710,4.94
우유,[서울우유] 서울우유 2.3L,6350,4.95
우유,PEACOCK 피코크 에이 클래스 우유 2.3L (1A등급)(남양유업),4624,4.89
우유,[서울우유] 후레쉬 밀크 기획(900ml*2) 1800ml,4450,4.95
우유,[서울우유] 목장의 신선함이 살아있는 우유 1L,3240,4.94
우유,매일유업 [매일] 소화가 잘되는 우유 930ml,3290,4.94
우유,"No Brand 노브랜드 굿모닝 굿밀크1,000ml",1580,4.94
우유,[빙그레] 바나나맛 우유(240ml4개) 960ml,4880,4.94
우유,남양유업 맛있는우유GT 멸균 200ml*24,10980,4.91
우유,[매일] 소화가 잘되는 저지방 우유 930ml,3290,4.94
우유,남양유업 [남양] 맛있는 우유 GT 900ml×2,4980,4.94
우유,파스퇴르 후레쉬 우유 2입(900ml*2),5980,4.93
우유,매일유업 [매일] 소화가 잘되는 멸균우유 (190ml16),12480,4.94
우유,[서울우유] 서울우유 (200ml*3개),2640,4.94
우유,[서울우유] 저지방 우유 1800ml,5290,4.92
우유,[빙그레] 바나나맛 우유 Value 6팩(240ml*6개) 1440ml,6380,4.94
우유,매일유업 매일우유 저지방 1% 멸균(200mL X 24입),14800,4.92
우유,파스퇴르 후레쉬우유 900ml,3380,4.94
우유,남양유업 [남양] 고소한 저지방우유 900ml*2,4680,4.91
우유,[서울우유] 목장의 신선함이 살아 있는 저지방 1L,3300,4.93
우유,[덴마크] 대니쉬 the건강한우유(900ml*2) 1800ml,4280,4.93
우유,매일유업 [매일] 오리지널(200ml*3개) 600ml,2270,4.95
우유,[파스퇴르] 후레쉬 우유 1.8L,5580,4.94
우유,서울 딸기우유 200ml*3입,2640,4.94
우유,매일유업 [매일] 소화가잘되는우유 멸균 (190ml*6입),5680,4.93
우유,[덴마크] 대니쉬 the건강한 저지방우유 1.8L,4480,4.89
우유,매일유업 [매일] 우유 무지방 0% 후레쉬팩 900ml,2600,4.89
우유,매일유업 매일 저지방 1% 900mL,2600,4.92
우유,매일유업 [매일] 허쉬 쵸콜렛 드링크(235ml*4개) 940ml,3480,4.94
우유,남양유업 남양 초코에몽 250ml*4,3840,4.92
우유,덴마크 소화가 잘되는 우유 900mL*2입,4280,4.88
우유,남양유업 [남양] 고소한 락토프리 우유 900ml,3250,4.91
우유,서울 저지방 우유 200ml*3입,2640,4.91
우유,아몬드브리즈 오리지널 190ml*6입,3780,4.97
우유,서울우유 밀크랩 고단백저지방우유 900ml,3250,4.9
우유,남양 락토프리우유 900ml*2입,4280,4.79
우유,PEACOCK 피코크 핑크퐁 유기농인증 딸기 우유 125mL X 4 (멸균우유),4200,5.0
우유,파스퇴르 소화가 잘되는 우유(700ml*2입),5480,4.84
우유,상하목장 유기농 우유 750ml,4980,4.92
우유,매일유업 매일 소화가 잘되는우유 초콜릿 190ml*6입,5380,4.92
우유,매일유업 매일 멸균 소화가잘되는 저지방우유 6입,5680,4.94
우유,상하목장 유기농 딸기우유 500ml (125ml*4입),4400,4.97
우유,[빙그레] 딸기맛 우유 240ml4,4900,4.93
우유,서울우유 초코꿀딴지 180ml*4,3180,4.94
우유,CHAOKOH UHT 코코넛 밀크 500ML,2680,4.75
우유,매일유업 매일우유 저지방 1% 1.5L,4390,4.94
우유,상하 무항생제 저온살균 우유 저지방 900ml,3500,4.81
우유,서울우유 흑임자우유 750ml,2680,4.89
우유,아몬드브리즈 언스위트 190ml x 6입,3780,4.95
우유,PEACOCK 피코크 핑크퐁 유기농인증 바나나 우유 125mL X 4 (멸균우유),4200,4.98
우유,남양유업 [남양] 맛있는 우유 2.3L,6200,4.92
우유,아몬드브리즈 프로틴 190ml*6입,4530,4.89
우유,서울 귀리우유 750ml,2680,4.87
세제,[유한] 펑크린 (1.5ℓ + 200ml),2990,4.93
세제,No Brand [노브랜드] 더 경제적인 주방 세제 4L,4580,4.89
세제,다우니 고농축 섬유유연제 엑스퍼트 2L(실내건조),11500,4.92
세제,비트 트리플 액션 2.8L,13900,4.92
세제,프릴 맑은 식초 750ML(상큼한라임),7500,4.9
세제,리큐 진한겔 베이킹소다 2.7L 드럼,11900,4.92
세제,테크 베이킹구연산 2.4L*2 겸용,11900,4.91
세제,[유한락스] 레귤러 3.5L,5930,4.93
세제,퍼실 파워젤 2.7L 드럼,23800,4.92
세제,퐁퐁 베이킹소다 1200ml 리필,2450,4.93
세제,아우라 섬유유연제 2.6L(윌유메리미),7900,4.92
세제,홈스타 락스와 세제 후로랄 파인 (750ml),3900,4.92
세제,프릴 맑은 식초 750ML(산뜻한자몽),7500,4.92
세제,프릴 맑은 식초 상큼한 라임향 1L,7500,4.88
세제,No Brand 노브랜드 깨끗한 락스4.3L,3380,4.92
세제,LG생활건강  한입 과탄산소다 2KG,7900,4.92
세제,자연퐁 주방세제 오렌지 1570ML,4450,4.92
세제,[유한락스] 욕실청소용 900ml*2,7690,4.9
세제,[홈스타] 욕실세정용 900ML,6900,4.89
세제,다우니 고농축 섬유유연제 엑스퍼트 2.6L(실내건조),16400,4.96
세제,LG생활건강  한입 베이킹소다 4KG,7900,4.93
세제,테크 울드라이 1.3L 리필,3900,4.92
세제,자연퐁 주방세제 제균솔잎 1570ML,4450,4.92
세제,[유한락스] 레귤러 500ML,1190,4.93
세제,리큐 진한겔 베이킹소다 2.7L(일반),11900,4.91
세제,테크 분말세탁세제 4KG,7900,4.91
세제,LG생활건강 테크 특유취제거 2.7L 드럼,10900,4.84
세제,프릴 맑은 식초 1L(산뜻한자몽),7500,4.93
세제,[유한락스] 후레쉬 락스 1.5L,3410,4.93
세제,백광 파워 트래펑 2L,4500,4.9
세제,홈스타 변기세정제40G X 4P,3300,4.85
세제,아우라 섬유유연제 2.6L(스모키머스크),7900,4.93
세제,홈스타 싱크대배수관 세정제(1회분),7900,4.83
세제,홈스타 버블워시 세탁조 클리너 100G*2,3900,4.88
세제,[애경] 울샴푸 오리지널 리필 1.8L,7800,4.92
세제,LG생활건강 테크 특유취제거 2.7L 일반,10900,4.86
세제,홈스타 락스와세제 750ml (시트러스),3900,4.9
세제,프릴 베이킹소다 퓨어레몬 1L,5850,4.9
세제,No Brand [노브랜드] 액체세제 용기 2.5L(일반용),4980,4.9
세제,메소드 주방세제 리필1000ml(레몬민트),4940,4.93
세제,No Brand 파워 배수관세척제2L,3280,4.9
세제,다우니 프리미엄 세탁세제 2L(실내건조),12900,4.92
세제,홈스타 세면대 배수관 클리너,7900,4.86
세제,LG생활건강 피지 파워젤 세제 프레쉬2.7L,19900,4.91
세제,LG생활건강  한입 구연산 2KG,7900,4.92
세제,No Brand 노브랜드 표백비누 450g,980,4.88
세제,샤프란 아로마 리필 2.1L_구연산,2750,4.93
세제,[홈스타] 바르면 곰팡이 싹 120ml,3900,4.89
세제,바르는 비트 220ml,3490,4.9
세제,비트 실내건조 분말세탁세제 4.2KG,8900,4.9
세제,프릴 베이킹소다 퓨어레몬 750ML 용기,5850,4.9
세제,유한락스 주방청소900ML*2,7690,4.87
세제,참그린 유럽에서온 베이킹소다&구연산 주방세제1.2L 리필,2450,4.9
세제,헨켈 퍼실 라벤더  2.7L(일반용),10800,4.92
세제,No Brand 주방세제1L,2980,4.89
세제,유한젠 표백제 1.8L,9680,4.88
세제,LG생활건강 [홈스타] 착붙는 락스 스프레이 900ml,6900,4.84
세제,No Brand [노브랜드] 액체세제 리필 2.1L (일반용),3980,4.9
세제,다우니 퍼퓸 초고농축 섬유유연제 2L(스프링 가든 러브),10900,4.94
세제,홈스타 속 시원한 변기클리너(1회분),7900,4.79
세제,퍼실 퓨어프레쉬 딥클린 용기 2.7L (드럼),14900,4.88
세제,No Brand 노브랜드 속옷비누 150g,780,4.88
화장지,No Brand 노브랜드 도톰한 물티슈 100매,980,4.93
화장지,No Brand 노브랜드 키친타올 200매*6롤,4900,4.93
화장지,No Brand [노브랜드] 깨끗한 물티슈 100매,880,4.88
화장지,크리넥스 울트라클린 화이트 비데 3겹 30m*30롤,20748,4.9
화장지,크리넥스 순수소프트내추럴 3겹 30m*30롤,18900,4.9
화장지,[코디] 순한 3겹데코 33m*30롤,16800,4.88
화장지,크리넥스 키친타월 150매*6롤,4950,4.91
화장지,크리넥스 디럭스미니 카카오230매6입,8112,4.9
화장지,크리넥스 마이비데 물티슈 42매*6입,12150,4.92
화장지,깨끗한나라 물티슈100매6입(캡형),8910,4.92
화장지,크리넥스 수앤수 코튼클린 오리지널캡 80x6,11610,4.89
화장지,그루 키친타올 230매*4입,3980,4.91
화장지,[코디] 키친타올 150매*6롤,7600,4.91
화장지,크리넥스 뽑아쓰는키친타올140매*4입,9720,4.91
화장지,깨끗한나라 순수 시그니처 4겹 25m*30롤,27900,4.87
화장지,코디  데코레이션 화장지 45m*30롤,16800,4.77
화장지,깨끗한나라 99.9% 손소독물티슈60매(캡),3900,4.89
화장지,크리넥스 안심 프리미엄 3겹 키친타올 140매x4롤,5900,4.9
화장지,코디 뽑아쓰는 키친타월 150*4,5890,4.94
화장지,깨끗한나라 키친타올150매4+4입(2겹),5900,4.9
화장지,크리넥스 3겹 더건강한케어 30M*30롤,35900,4.71
화장지,No Brand 노브랜드 Suprise 3겹 화장지 27m*36롤,10980,4.89
화장지,크리넥스 마이비데 물티슈(캡) 46매*4입,10900,4.92
화장지,크리넥스 내추럴소프트 숲속향 250매6입,11900,4.89
화장지,이마트24 민생화장지 3겹 27M *30롤,9800,4.86
화장지,[코디] 내추럴 미용티슈 230매*6입,10800,4.89
화장지,(36롤 특가할인) 코디 비데&클린 화장지 30m*36롤,25800,4.88
화장지,크리넥스 안심물티슈60매(캡),2600,4.89
화장지,깨끗한나라 아이리스 30M 30롤,16500,4.89
화장지,코디 기름먹는 키친타올 140*6,4900,4.89
화장지,그루3겹데코 33M30롤,13900,4.84
화장지,깨끗한나라  순수 소프티 미용티슈 260매*6입,8900,4.87
화장지,이마트24 민생화장지 3겹 40M *12롤,5900,4.88
화장지,[코디] 울트라 슈퍼 스트롱 키친타올 130매*6롤,8500,4.9
화장지,코디 에코그린 화장지 30m*30롤,12800,4.89
화장지,코디 (친환경인증) 에코 화장지 30m&times;30롤 2팩 (무료배송),21500,4.86
화장지,No Brand 노브랜드 스마트 미용티슈 200매*4입,3780,4.89
화장지,크리넥스 안심 손소독티슈 30+2매,2100,4.82
화장지,깨끗한나라 촉앤감케어 3겹 30m*30롤,19900,4.9
화장지,"코디 고창황토(특허받은 화장지)30m X 30롤 2팩(천연펄프, 무료배송)",33500,4.9
화장지,더도톰한 리트리 물티슈(캡) 100매6입,13900,4.92
화장지,No Brand [노브랜드] 로션 미용티슈 200매*3개입,4480,4.89
화장지,이마트24 [민생]한아름 물티슈 200매(캡형),1500,4.79
화장지,이마트24 민생 미용티슈 250매×3입,3900,4.8
화장지,크리넥스 수앤수 20매 카카오(색상랜덤발송),1100,4.92
화장지,No Brand 노브랜드 도톰한 3겹 키친타월 150매*4롤,4880,4.89
화장지,No Brand 노브랜드 Lotion&Soft 3겹 화장지 27M*12롤,6980,4.84
화장지,유한킴벌리 크리넥스 3겹 천연펄프 데코&소프트 화장지 37M-24롤x2팩,37900,4.83
화장지,크리넥스 마이비데 카카오 캡 40매,2000,4.92
화장지,크리넥스 마이비데 키즈 캡 42매x4,10900,4.93
화장지,코디 홈냅킨 100매*6입,3890,4.83
화장지,크리넥스 수앤수 카카오라이언80매(캡),2000,4.89
화장지,잘풀리는집 깨끗한3겹 순&순 30m*30롤,15900,4.89
화장지,랩신 V3 손소독티슈 60매,5900,4.85
화장지,코디 올록볼록 점보롤티슈 300Mx4롤,10500,4.89
화장지,No Brand 노브랜드 비데물티슈 60매 (캡형),3280,4.92
화장지,코디 스위티베어200매6입,7500,4.9
화장지,모나리자 보타닉포레 천연펄프 화장지 3겹 30롤 2팩 (총60롤),23900,4.84
화장지,유한킴벌리 크리넥스 3겹 천연펄프 순수소프트 화장지 27M-30롤x2팩,33900,4.79
화장지,코디 안심 3겹 키친타월 160*4,6500,4.91
뷰티케어,[클린앤클리어] 훼이셜 포밍클렌져 150ml,7200,4.91
뷰티케어,[클린앤클리어] 딥 액션 폼클렌져,8900,4.91
뷰티케어,[아비노] 스트레스 릴리프 모이스춰라이징 로션 354ml,19900,4.87
뷰티케어,[아비노] 스킨 릴리프 모이스춰라이징 로션 354ml,19900,4.87
뷰티케어,뉴트로지나 데일리 바디 로션 450ml,17900,4.89
뷰티케어,[이마트가 직접 수입한]아이보리비누 90g*3입,2205,4.88
뷰티케어,니베아 스무드 바디 로션 400ml,13900,4.9
뷰티케어,[뉴트로지나] 딥클린 클렌징오일 200ml,17900,4.82
뷰티케어,온더바디 쉐어버터 코튼 바디로션 1000ml,9900,4.86
뷰티케어,[아비노] 데일리 모이스춰라이징 로션 354ml,19900,4.82
뷰티케어,니베아 리페어 & 케어 리치 바디 크림 300ml,13900,4.86
뷰티케어,세타필로션 591ml+(29ml*2),18000,4.91
뷰티케어,아크네스 더마 릴리프 모이스처 폼클렌저,15000,4.83
뷰티케어,뉴트로지나 인텐스 리페어 시카 에멀젼 310ml,20900,4.94
뷰티케어,[아크네스] 포밍워시 200ml,15000,4.93
뷰티케어,라이프보이 손소독제 500ml,1560,4.76
뷰티케어,존슨&존슨 뉴트로지나 노르딕베리 모이스춰로션 450ml,17900,4.88
뷰티케어,해피바스 어성초 모공 클렌징폼 200G,3900,4.89
뷰티케어,일리윤 세라마이드 아토 로션 528ML,14900,4.93
뷰티케어,스파 히말라야 핑크쏠트 클렌징 폼 200G,3900,4.79
뷰티케어,아이!깨끗해 클린머스크 향 200ml,4500,4.95
뷰티케어,피지오겔 DMT 크림 150ml X 2개+AI크림20ml+클렌징젤30ml,55620,4.91
뷰티케어,뉴트로지나 인텐스리페어 풋크림 56G,8900,4.82
뷰티케어,해피바스 정말 촉촉한 바디밀크 450ml,3900,4.88
뷰티케어,일리윤 세라마이드아토로션350ML,11900,4.89
뷰티케어,뉴트로지나 인텐스 리페어 핸드크림 56g 2번들,13400,4.9
뷰티케어,존슨&존슨 아비노 데일리 에너자이징 로션 354ml,19900,4.84
뷰티케어,[아트릭스] 핸드 앤드 네일 로션 (400ml),5450,4.86
뷰티케어,존슨즈_핑크 로션 500ml+200ml,19900,4.87
뷰티케어,[뉴트로지나] 바디오일 250ml,15900,4.87
뷰티케어,니베아 익스프레스 바디 로션 400ml,13900,4.86
뷰티케어,히말라야 너리싱 핸드크림 50ml,4900,4.77
뷰티케어,피지오겔 DMT 크림 150ml+로션5ml+클렌징젤30ml,27810,4.94
뷰티케어,일리윤 연꽃수분마스크기획 10매,4950,4.84
뷰티케어,일리윤 오일스무딩바디로션 350ml,9900,4.92
뷰티케어,No Brand 노브랜드 데일리 모이스처 바디로션500ml,3800,4.82
뷰티케어,LG생활건강 LG퓨어시카 바디로션 1L 화이트머스크향,12900,4.93
뷰티케어,라이스테라피 쌀눈 맑은 버블폼 300ml,6900,4.88
뷰티케어,피지오겔 DMT 바디로션 400ml,27450,4.89
뷰티케어,닥터바이오 에코 패밀리 바디로션+크림기획세트,20900,4.95
뷰티케어,피지오겔 DMT 크림 150ml,27800,4.93
뷰티케어,[바세린] 퓨어스킨젤리 오리지날 50ml,2200,4.85
뷰티케어,해피바스 코튼플라워 바디로션 450ML,5900,4.84
뷰티케어,No Brand [노브랜드] 부드럽고 촉촉한 딥 클렌징 폼 200ml,3980,4.79
뷰티케어,해피바스 대나무숯 피지흡착 클렌징폼 200G,3900,4.86
뷰티케어,랩신 V3 새니타이저 겔 500ml,6900,4.78
뷰티케어,피지오겔 DMT 바디로션 400ml X 2개,54900,4.92
뷰티케어,일리윤 진정스민 어성초 마스크팩 7매,5500,4.88
뷰티케어,해피바스 라이스 보습 클렌징폼 200G,3900,4.83
뷰티케어,센카 퍼펙트 휩 페이셜워시,8900,4.92
뷰티케어,니베아 [아트릭스] 스트롱 프로텍션 크림 250ml,5700,4.91
뷰티케어,온더바디 더내추럴 순한 아보카도 클렌징폼 200,3950,4.89
뷰티케어,온더바디 더내추럴 아보카도 바디로션 400m,4900,4.86
뷰티케어,해피바스 스킨유 크림 바디로션 400g,12900,4.94
뷰티케어,해피바스 비타민 C 메이크업 클렌징 오일 투 폼 500ml,10900,4.77
뷰티케어,[무궁화] 5곡 때비누,1050,4.93
뷰티케어,온더바디 더내추럴 산뜻한 레몬 클렌징폼 200,3950,4.86
뷰티케어,온더바디 물결세안 버블폼클렌저 산뜻400ml,6950,4.9
뷰티케어,해피바스 체리블라섬 바디로션 450ML,5900,4.84
뷰티케어,일리윤 영양스민 꿀 마스크 7매,5500,4.86
뷰티케어,일리윤 동백 오일 영양 마스크기획10매,4950,4.84
뷰티케어,카밀 핸드크림 베스트 트리오 기획세트,12400,5.0
뷰티케어,일리윤 울트라 리페어 로션 350ml,9900,4.88
등산용품,"도이터 몰타자켓(남)_2.5레이어 발수,투습 자켓",49000,3.67
등산용품,도이터 타트팬츠(남),19000,4.67
등산용품,도이터 테레팬츠(여),19000,5.0
등산용품,트렉스타 프리미엄 어코드 3단 초경량 등산스틱 2개 1세트 + 케이스 - 2021년형,30712,4.9
등산용품,도이터 후투 플리스 자켓(여),39000,4.0
등산용품,"도이터 시미안 자켓(여)_2.5레이어 발수,투습 자켓",49000,4.87
등산용품,트렉스타  코브라 GT 900/시티화/최신형/경등산화/트레킹화/매장 정품 AS보장,79050,4.5
등산용품,다봉산업 마이핫 보온대 핫팩 160g x 50팩,29797,4.72
등산용품,파라고나(paragona) [무료배송]남녀공용 30수 라운드 무지 티셔츠 8종,3500,5.0
등산용품,트렉스타  가볍고 튼튼한 미드컷 경등산화 / 파크,67620,5.0
등산용품,콜핑 간절기 여성 바지 균일가 모음전,9702,4.67
등산용품,콜핑 [무료배송] 콜핑 남여 플리스/경량 패딩자켓 균일가 선물전,24402,5.0
등산용품,머렐 남성 미드등산화 투습 및 방수_MLM1A5MH1001_안양점,99000,4.0
등산용품,[트렉스타 본사] 보아다이얼 남성용 컴포트 워킹화 리옹,87220,5.0
등산용품,마운틴 이큅먼트 폴라장갑,6900,4.8
등산용품,레드페이스  남성 시티폴 요꼬 칼라 티셔츠-REWMTSF20214,13200,5.0
등산용품,레키 보이저 등산 스틱,69000,4.91
등산용품,파라고나(paragona) 남자 스트레이트 베이직 스판 데일리 밴딩 팬츠,17900,5.0
등산용품,레드페이스_이마트 데일리라이트웜다운재킷,59000,4.79
등산용품,버팔로 등산스틱 베스트 2개 1세트 베스트 배낭 모음전 듀랄루민,27342,4.91
등산용품,도이터 빌카 플리스 자켓(남),39000,4.67
등산용품,"도이터 도이터/레드페이스 등산의류, 마모트 등산용품 외 베스트 상품전",49000,3.0
등산용품,핫한날 붙이는 핫팩 100매,14027,4.5
등산용품,트렉스타 [트렉스타 정품] 하딩2 30 등산배낭/레인커버포함/국민배낭/당일산행/매장정품/AS보장,31490,5.0
등산용품,스탠리  어드벤쳐 진공 스타인 709ml U,24070,4.33
등산용품,트렉스타  보아핏 시스템 트레킹화 / 레이크 NAVY,76190,4.78
등산용품,스탠리  어드벤처 진공 퀀처 슬림 473ml 텀블러 U,26970,5.0
등산용품,트렉스타레저타임 남성 경등산화 러닝화 트레킹화 워킹화 셀리,46407,5.0
등산용품,21FW MOOSE KNUCKLE 버니 스웨터2 후드 맨즈 M31MS600,387030,4.64
등산용품,스탠리  (New logo) 클래식 보온병 1.4L,48530,5.0
등산용품,컬러풀 남여공용 힙색 허리색 보조가방 여행가방,7347,5.0
등산용품,트렉스타 프리미엄 보이져 4단 초경량 등산스틱 2개 1세트 + 케이스 - 2021년형,38632,5.0
등산용품,도이터 이마트 성수점,144000,5.0
등산용품,노스페이스(NORTHFACE) [노스페이스화이트라벨]공용 헥사 트리플 하이킹 슈즈_NS95M03L,113520,4.8
등산용품,버팔로 BFL 메이드 BFL-603 가죽 작업화 아웃도어,29204,5.0
등산용품,루나텍 아쿠아봇 스포츠 물병 등산 백패킹 투명/블루 750ml,28000,5.0
등산용품,마모트 베이직캡,19000,5.0
등산용품,Adidas 아디다스 라이트웨이트 EMB 캡 모자 GM4509 블랙,20800,5.0
등산용품,제이큐 지도 등산손수건,2750,5.0
등산용품,오스프리 센타우리 데일리 배낭 백팩 가방 22L OPB3ABD105,86400,5.0
등산용품,레드페이스 가을 원턱 남성 등산 팬츠_ 덕천점,55000,5.0
등산용품,JK스포츠 자외선차단 스즈카짱 밀집모자 썬캡 농사,30330,4.67
등산용품,아보크,19502,5.0
